,Boca de entrega,Artículo@LITM,Artículo@Descripcion,Nº Orden@Tipo Documento,Nº Orden@Nro. Documento,Cajas Solicitadas,Pallets Solicitados
0,256165,6030050074,"MAYO,CADA DIA,LINEA DEL CHEF,4,2900 CC,SH,ST (SIN ",SD,663714,334.0,4.175
1,357270,6040100010,"KET,NATURA L.G.,12,250 GR,DP,CT (CON TAPA),ESP,MER",SD,663322,20.0,0.076923
2,357270,6030010019,"MAYO,NATURA,RVL 31%,L.G,12,500 CC,DP,CT,ESP,M.I./A",SD,663322,144.0,1.0
3,266360,6011270001,"AC,COPISI,GIR/OLIVA,12X500ML,B,ESP,M.I./ARL       ",SD,175924,3.0,0.020833
4,266360,6011270002,"AC,COPISI,GIR/OLIVA,12X900ML,B,ESP,M.I./ARL       ",SD,175924,3.0,0.028571
5,266360,6010900033,"AC,NATURA ANDINO,OLIVA VE,6X500ML,E,ESP,M.I.      ",SD,175924,10.0,0.054054
6,266360,6010010112,"AC,NATURA,GIR,4X5L,C,ESP,M.I./ARL                 ",SD,175924,60.0,1.0
7,266360,6030050071,"MAYO,CADA DIA,RVL,12,500 CC,L.G,DP,CT,ESP,MERCADO ",SD,663822,576.0,4.0
8,266360,6030050072,"MAYO,CADA DIA,RVL,8,1000 CC,L.G,DP,CT,ESP,MERCADO ",SD,663822,432.0,4.0
9,266360,6030040040,"MAYO,MAYOLIVA,L.G,12,250 CC,DP,ST (SIN TAPA),ESP,M",SD,663823,260.0,1.0
10,266360,6030040073,"MAYO,MAYOLIVA,L.G,20,125 CC,SH,ST (SIN TAPA),ESP,M",SD,663823,272.0,1.0
11,266360,6030010007,"MAYO,NATURA,RVL 31%,L.G,12,250 CC,DP,ST (SIN TAPA)",SD,663823,260.0,1.0
12,266360,6090020010,"MOSTAZA,ADEREZO NATURA,192,8 G,SH,ST,ESP,M.I.     ",SD,663823,116.0,0.307692
13,266360,6090020012,"MOSTAZA,ADEREZO NATURA,4,3000GR,SH,ST,ESP,M.I.    ",SD,663823,32.0,0.4
14,266360,6010140007,"RO.VEG.(AL),MAZOLA CL.,MAIZ,12X120GRS,ESP,M.I.    ",SD,175924,5.0,0.022321
15,266360,6010140008,"RO.VEG.(AL),MAZOLA MANTECA,12X12X120GRS,ESP,M.I.  ",SD,175924,5.0,0.022321
16,279534,6050100007,"SGOLF,NATURA L.G.,12,250 GR,DP,ST (SIN TAPA),ESP,M",SD,663437,30.0,0.115385
17,225582,6010950016,"AC,MAZOLA CLA,MAIZ,12X900ML,B,ESP,M.I.            ",SD,175910,10.0,0.095238
18,225582,6010010007,"AC,NATURA,GIR,12X1,5L,C,ESP,M.I./ARL              ",SD,175910,120.0,2.0
19,225582,6030010026,"MAYO,NATURA,RVL 31%,L.G,8,1000 CC,DP,CT,ESP,M.I./A",SD,663804,108.0,1.0
20,225582,6010140007,"RO.VEG.(AL),MAZOLA CL.,MAIZ,12X120GRS,ESP,M.I.    ",SD,175910,5.0,0.022321
21,225582,6010140008,"RO.VEG.(AL),MAZOLA MANTECA,12X12X120GRS,ESP,M.I.  ",SD,175910,5.0,0.022321
22,225582,6010550008,"RO.VEG.(AL),NATURA,GIR,12X120GRS,ESP,M.I.         ",SD,175910,10.0,0.044643
23,258285,6040100010,"KET,NATURA L.G.,12,250 GR,DP,CT (CON TAPA),ESP,MER",SD,663770,50.0,0.192308
24,258285,6040100010,"KET,NATURA L.G.,12,250 GR,DP,CT (CON TAPA),ESP,MER",SD,663771,10.0,0.038462
25,258285,6030050069,"MAYO,CADA DIA,RVL,20,125 CC,L.G,SH,ST (SIN TAPA),E",SD,663770,17.0,0.0625
26,258285,6030040040,"MAYO,MAYOLIVA,L.G,12,250 CC,DP,ST (SIN TAPA),ESP,M",SD,663770,10.0,0.038462
27,258285,6030040073,"MAYO,MAYOLIVA,L.G,20,125 CC,SH,ST (SIN TAPA),ESP,M",SD,663770,60.0,0.220588
28,258285,6030010007,"MAYO,NATURA,RVL 31%,L.G,12,250 CC,DP,ST (SIN TAPA)",SD,663770,280.0,1.076923
29,258285,6030010007,"MAYO,NATURA,RVL 31%,L.G,12,250 CC,DP,ST (SIN TAPA)",SD,663771,60.0,0.230769
30,258285,6030010019,"MAYO,NATURA,RVL 31%,L.G,12,500 CC,DP,CT,ESP,M.I./A",SD,663770,72.0,0.5
31,258285,6030010019,"MAYO,NATURA,RVL 31%,L.G,12,500 CC,DP,CT,ESP,M.I./A",SD,663771,18.0,0.125
32,258285,6030010170,"MAYO,NATURA,RVL 31%,L.G,20,125 CC,SH,ST (SIN TAPA)",SD,663770,272.0,1.0
33,258285,6030010170,"MAYO,NATURA,RVL 31%,L.G,20,125 CC,SH,ST (SIN TAPA)",SD,663771,170.0,0.625
34,258285,6050100007,"SGOLF,NATURA L.G.,12,250 GR,DP,ST (SIN TAPA),ESP,M",SD,663771,10.0,0.038462
35,317746,6040100001,"KET,NATURA,192,8 G,SH,ST,ESP,M.I.                 ",SD,663630,29.0,0.076923
36,317746,6030050070,"MAYO,CADA DIA,RVL,12,250 CC,L.G,DP,ST (SIN TAPA),E",SD,663754,140.0,0.538462
37,317746,6030050069,"MAYO,CADA DIA,RVL,20,125 CC,L.G,SH,ST (SIN TAPA),E",SD,663754,238.0,0.875
38,317746,6030050072,"MAYO,CADA DIA,RVL,8,1000 CC,L.G,DP,CT,ESP,MERCADO ",SD,663754,9.0,0.083333
39,317746,6030010007,"MAYO,NATURA,RVL 31%,L.G,12,250 CC,DP,ST (SIN TAPA)",SD,663754,520.0,2.0
40,317746,6030010019,"MAYO,NATURA,RVL 31%,L.G,12,500 CC,DP,CT,ESP,M.I./A",SD,663754,576.0,4.0
41,317746,6030010170,"MAYO,NATURA,RVL 31%,L.G,20,125 CC,SH,ST (SIN TAPA)",SD,663753,7616.0,28.0
42,317746,6030010170,"MAYO,NATURA,RVL 31%,L.G,20,125 CC,SH,ST (SIN TAPA)",SD,663754,544.0,2.0
43,317746,6090020009,"MOSTAZA,ADEREZO NATURA,12,250 GR,DP,CT,ESP,M.I.   ",SD,663754,80.0,0.307692
44,317746,6050100007,"SGOLF,NATURA L.G.,12,250 GR,DP,ST (SIN TAPA),ESP,M",SD,663754,20.0,0.076923
45,284039,6030050070,"MAYO,CADA DIA,RVL,12,250 CC,L.G,DP,ST (SIN TAPA),E",SD,663776,20.0,0.076923
46,284039,6030050071,"MAYO,CADA DIA,RVL,12,500 CC,L.G,DP,CT,ESP,MERCADO ",SD,663776,20.0,0.138889
47,284039,6030050071,"MAYO,CADA DIA,RVL,12,500 CC,L.G,DP,CT,ESP,MERCADO ",SD,663778,10.0,0.069444
48,284039,6030050069,"MAYO,CADA DIA,RVL,20,125 CC,L.G,SH,ST (SIN TAPA),E",SD,663776,340.0,1.25
49,284039,6030050069,"MAYO,CADA DIA,RVL,20,125 CC,L.G,SH,ST (SIN TAPA),E",SD,663778,17.0,0.0625
50,284039,6030050072,"MAYO,CADA DIA,RVL,8,1000 CC,L.G,DP,CT,ESP,MERCADO ",SD,663776,2.0,0.018519
51,284039,6030010007,"MAYO,NATURA,RVL 31%,L.G,12,250 CC,DP,ST (SIN TAPA)",SD,663776,780.0,3.0
52,284039,6030010007,"MAYO,NATURA,RVL 31%,L.G,12,250 CC,DP,ST (SIN TAPA)",SD,663778,20.0,0.076923
53,284039,6030010019,"MAYO,NATURA,RVL 31%,L.G,12,500 CC,DP,CT,ESP,M.I./A",SD,663776,144.0,1.0
54,284039,6030010019,"MAYO,NATURA,RVL 31%,L.G,12,500 CC,DP,CT,ESP,M.I./A",SD,663778,54.0,0.375
55,284039,6030010170,"MAYO,NATURA,RVL 31%,L.G,20,125 CC,SH,ST (SIN TAPA)",SD,663776,2176.0,8.0
56,284039,6030010170,"MAYO,NATURA,RVL 31%,L.G,20,125 CC,SH,ST (SIN TAPA)",SD,663778,34.0,0.125
57,284039,6090020009,"MOSTAZA,ADEREZO NATURA,12,250 GR,DP,CT,ESP,M.I.   ",SD,663776,30.0,0.115385
58,284039,6050100007,"SGOLF,NATURA L.G.,12,250 GR,DP,ST (SIN TAPA),ESP,M",SD,663776,10.0,0.038462
59,284039,6050100007,"SGOLF,NATURA L.G.,12,250 GR,DP,ST (SIN TAPA),ESP,M",SD,663778,10.0,0.038462
60,245013,6040100001,"KET,NATURA,192,8 G,SH,ST,ESP,M.I.                 ",SD,663629,29.0,0.076923
61,245013,6030050070,"MAYO,CADA DIA,RVL,12,250 CC,L.G,DP,ST (SIN TAPA),E",SD,663751,20.0,0.076923
62,245013,6030050069,"MAYO,CADA DIA,RVL,20,125 CC,L.G,SH,ST (SIN TAPA),E",SD,663751,68.0,0.25
63,245013,6030050069,"MAYO,CADA DIA,RVL,20,125 CC,L.G,SH,ST (SIN TAPA),E",SD,663752,34.0,0.125
64,245013,6030050072,"MAYO,CADA DIA,RVL,8,1000 CC,L.G,DP,CT,ESP,MERCADO ",SD,663751,4.0,0.037037
65,245013,6030040040,"MAYO,MAYOLIVA,L.G,12,250 CC,DP,ST (SIN TAPA),ESP,M",SD,663751,5.0,0.019231
66,245013,6030010007,"MAYO,NATURA,RVL 31%,L.G,12,250 CC,DP,ST (SIN TAPA)",SD,663816,520.0,2.0
67,245013,6030010007,"MAYO,NATURA,RVL 31%,L.G,12,250 CC,DP,ST (SIN TAPA)",SD,663817,80.0,0.307692
68,245013,6030010019,"MAYO,NATURA,RVL 31%,L.G,12,500 CC,DP,CT,ESP,M.I./A",SD,663751,144.0,1.0
69,245013,6030010019,"MAYO,NATURA,RVL 31%,L.G,12,500 CC,DP,CT,ESP,M.I./A",SD,663752,36.0,0.25
70,245013,6030010170,"MAYO,NATURA,RVL 31%,L.G,20,125 CC,SH,ST (SIN TAPA)",SD,663816,544.0,2.0
71,245013,6030010170,"MAYO,NATURA,RVL 31%,L.G,20,125 CC,SH,ST (SIN TAPA)",SD,663817,136.0,0.5
72,245013,6090020009,"MOSTAZA,ADEREZO NATURA,12,250 GR,DP,CT,ESP,M.I.   ",SD,663751,50.0,0.192308
73,245013,6090020009,"MOSTAZA,ADEREZO NATURA,12,250 GR,DP,CT,ESP,M.I.   ",SD,663752,10.0,0.038462
74,245013,6050100007,"SGOLF,NATURA L.G.,12,250 GR,DP,ST (SIN TAPA),ESP,M",SD,663751,60.0,0.230769
75,322787,6040100010,"KET,NATURA L.G.,12,250 GR,DP,CT (CON TAPA),ESP,MER",SD,663762,10.0,0.038462
76,322787,6040100001,"KET,NATURA,192,8 G,SH,ST,ESP,M.I.                 ",SD,663685,29.0,0.076923
77,322787,6030050070,"MAYO,CADA DIA,RVL,12,250 CC,L.G,DP,ST (SIN TAPA),E",SD,663762,10.0,0.038462
78,322787,6030050072,"MAYO,CADA DIA,RVL,8,1000 CC,L.G,DP,CT,ESP,MERCADO ",SD,663762,2.0,0.018519
79,322787,6030040040,"MAYO,MAYOLIVA,L.G,12,250 CC,DP,ST (SIN TAPA),ESP,M",SD,663762,5.0,0.019231
80,322787,6030010007,"MAYO,NATURA,RVL 31%,L.G,12,250 CC,DP,ST (SIN TAPA)",SD,663762,80.0,0.307692
81,322787,6030010007,"MAYO,NATURA,RVL 31%,L.G,12,250 CC,DP,ST (SIN TAPA)",SD,663763,20.0,0.076923
82,322787,6030010019,"MAYO,NATURA,RVL 31%,L.G,12,500 CC,DP,CT,ESP,M.I./A",SD,663762,54.0,0.375
83,322787,6030010019,"MAYO,NATURA,RVL 31%,L.G,12,500 CC,DP,CT,ESP,M.I./A",SD,663763,18.0,0.125
84,322787,6030010170,"MAYO,NATURA,RVL 31%,L.G,20,125 CC,SH,ST (SIN TAPA)",SD,663762,170.0,0.625
85,322787,6030010170,"MAYO,NATURA,RVL 31%,L.G,20,125 CC,SH,ST (SIN TAPA)",SD,663763,68.0,0.25
86,322787,6030010208,"MAYO,NATURA,RVL 31%,L.G,4,2900 CC,SH,ST (SIN TAPA)",SD,663686,8.0,0.1
87,322787,6090020009,"MOSTAZA,ADEREZO NATURA,12,250 GR,DP,CT,ESP,M.I.   ",SD,663763,10.0,0.038462
88,322787,6050100007,"SGOLF,NATURA L.G.,12,250 GR,DP,ST (SIN TAPA),ESP,M",SD,663762,20.0,0.076923
89,322787,6050100007,"SGOLF,NATURA L.G.,12,250 GR,DP,ST (SIN TAPA),ESP,M",SD,663763,10.0,0.038462
90,251598,6040100010,"KET,NATURA L.G.,12,250 GR,DP,CT (CON TAPA),ESP,MER",SD,663772,20.0,0.076923
91,251598,6030050071,"MAYO,CADA DIA,RVL,12,500 CC,L.G,DP,CT,ESP,MERCADO ",SD,663772,10.0,0.069444
92,251598,6030050069,"MAYO,CADA DIA,RVL,20,125 CC,L.G,SH,ST (SIN TAPA),E",SD,663772,17.0,0.0625
93,251598,6030040040,"MAYO,MAYOLIVA,L.G,12,250 CC,DP,ST (SIN TAPA),ESP,M",SD,663772,10.0,0.038462
94,251598,6030040073,"MAYO,MAYOLIVA,L.G,20,125 CC,SH,ST (SIN TAPA),ESP,M",SD,663772,10.0,0.036765
95,251598,6030010007,"MAYO,NATURA,RVL 31%,L.G,12,250 CC,DP,ST (SIN TAPA)",SD,663772,200.0,0.769231
96,251598,6030010019,"MAYO,NATURA,RVL 31%,L.G,12,500 CC,DP,CT,ESP,M.I./A",SD,663772,72.0,0.5
97,251598,6030010170,"MAYO,NATURA,RVL 31%,L.G,20,125 CC,SH,ST (SIN TAPA)",SD,663772,68.0,0.25
98,251598,6090020009,"MOSTAZA,ADEREZO NATURA,12,250 GR,DP,CT,ESP,M.I.   ",SD,663772,20.0,0.076923
99,251598,6050100007,"SGOLF,NATURA L.G.,12,250 GR,DP,ST (SIN TAPA),ESP,M",SD,663772,20.0,0.076923
100,240409,6040100010,"KET,NATURA L.G.,12,250 GR,DP,CT (CON TAPA),ESP,MER",SD,663743,220.0,0.846154
101,240409,6040100010,"KET,NATURA L.G.,12,250 GR,DP,CT (CON TAPA),ESP,MER",SD,663744,30.0,0.115385
102,240409,6040100001,"KET,NATURA,192,8 G,SH,ST,ESP,M.I.                 ",SD,663624,29.0,0.076923
103,240409,6030050070,"MAYO,CADA DIA,RVL,12,250 CC,L.G,DP,ST (SIN TAPA),E",SD,663625,46.0,0.176923
104,240409,6030050070,"MAYO,CADA DIA,RVL,12,250 CC,L.G,DP,ST (SIN TAPA),E",SD,663743,60.0,0.230769
105,240409,6030050071,"MAYO,CADA DIA,RVL,12,500 CC,L.G,DP,CT,ESP,MERCADO ",SD,663738,18.0,0.125
106,240409,6030050071,"MAYO,CADA DIA,RVL,12,500 CC,L.G,DP,CT,ESP,MERCADO ",SD,663743,20.0,0.138889
107,240409,6030050069,"MAYO,CADA DIA,RVL,20,125 CC,L.G,SH,ST (SIN TAPA),E",SD,663743,476.0,1.75
108,240409,6030050072,"MAYO,CADA DIA,RVL,8,1000 CC,L.G,DP,CT,ESP,MERCADO ",SD,663738,18.0,0.166667
109,240409,6030050072,"MAYO,CADA DIA,RVL,8,1000 CC,L.G,DP,CT,ESP,MERCADO ",SD,663743,2.0,0.018519
110,240409,6030040040,"MAYO,MAYOLIVA,L.G,12,250 CC,DP,ST (SIN TAPA),ESP,M",SD,663743,40.0,0.153846
111,240409,6030040073,"MAYO,MAYOLIVA,L.G,20,125 CC,SH,ST (SIN TAPA),ESP,M",SD,663743,100.0,0.367647
112,240409,6030010007,"MAYO,NATURA,RVL 31%,L.G,12,250 CC,DP,ST (SIN TAPA)",SD,663743,260.0,1.0
113,240409,6030010007,"MAYO,NATURA,RVL 31%,L.G,12,250 CC,DP,ST (SIN TAPA)",SD,663744,80.0,0.307692
114,240409,6030010019,"MAYO,NATURA,RVL 31%,L.G,12,500 CC,DP,CT,ESP,M.I./A",SD,663743,144.0,1.0
115,240409,6030010019,"MAYO,NATURA,RVL 31%,L.G,12,500 CC,DP,CT,ESP,M.I./A",SD,663744,18.0,0.125
116,240409,6030010129,"MAYO,NATURA,RVL 31%,L.G,192,8 CC,SH,ST (SIN TAPA),",SD,663624,29.0,0.076923
117,240409,6030010170,"MAYO,NATURA,RVL 31%,L.G,20,125 CC,SH,ST (SIN TAPA)",SD,663743,816.0,3.0
118,240409,6030010170,"MAYO,NATURA,RVL 31%,L.G,20,125 CC,SH,ST (SIN TAPA)",SD,663744,170.0,0.625
119,240409,6030010208,"MAYO,NATURA,RVL 31%,L.G,4,2900 CC,SH,ST (SIN TAPA)",SD,663624,72.0,0.9
120,240409,6090020009,"MOSTAZA,ADEREZO NATURA,12,250 GR,DP,CT,ESP,M.I.   ",SD,663743,180.0,0.692308
121,240409,6090020009,"MOSTAZA,ADEREZO NATURA,12,250 GR,DP,CT,ESP,M.I.   ",SD,663744,20.0,0.076923
122,240409,6050100007,"SGOLF,NATURA L.G.,12,250 GR,DP,ST (SIN TAPA),ESP,M",SD,663625,20.0,0.076923
123,240409,6050100007,"SGOLF,NATURA L.G.,12,250 GR,DP,ST (SIN TAPA),ESP,M",SD,663626,8.0,0.030769
124,240409,6050100007,"SGOLF,NATURA L.G.,12,250 GR,DP,ST (SIN TAPA),ESP,M",SD,663743,40.0,0.153846
125,240409,6050100007,"SGOLF,NATURA L.G.,12,250 GR,DP,ST (SIN TAPA),ESP,M",SD,663744,10.0,0.038462
126,241189,6030050070,"MAYO,CADA DIA,RVL,12,250 CC,L.G,DP,ST (SIN TAPA),E",SD,663168,20.0,0.076923
127,241189,6030050070,"MAYO,CADA DIA,RVL,12,250 CC,L.G,DP,ST (SIN TAPA),E",SD,663760,40.0,0.153846
128,241189,6030050071,"MAYO,CADA DIA,RVL,12,500 CC,L.G,DP,CT,ESP,MERCADO ",SD,663760,10.0,0.069444
129,241189,6030050069,"MAYO,CADA DIA,RVL,20,125 CC,L.G,SH,ST (SIN TAPA),E",SD,663760,34.0,0.125
130,241189,6030050072,"MAYO,CADA DIA,RVL,8,1000 CC,L.G,DP,CT,ESP,MERCADO ",SD,663168,18.0,0.166667
131,241189,6030050072,"MAYO,CADA DIA,RVL,8,1000 CC,L.G,DP,CT,ESP,MERCADO ",SD,663760,2.0,0.018519
132,241189,6030010007,"MAYO,NATURA,RVL 31%,L.G,12,250 CC,DP,ST (SIN TAPA)",SD,663760,260.0,1.0
133,241189,6030010019,"MAYO,NATURA,RVL 31%,L.G,12,500 CC,DP,CT,ESP,M.I./A",SD,663760,54.0,0.375
134,241189,6030010170,"MAYO,NATURA,RVL 31%,L.G,20,125 CC,SH,ST (SIN TAPA)",SD,663760,1088.0,4.0
135,241189,6050100007,"SGOLF,NATURA L.G.,12,250 GR,DP,ST (SIN TAPA),ESP,M",SD,663168,20.0,0.076923
136,241189,6050100007,"SGOLF,NATURA L.G.,12,250 GR,DP,ST (SIN TAPA),ESP,M",SD,663760,10.0,0.038462
137,286155,6040100010,"KET,NATURA L.G.,12,250 GR,DP,CT (CON TAPA),ESP,MER",SD,663775,10.0,0.038462
138,286155,6030050070,"MAYO,CADA DIA,RVL,12,250 CC,L.G,DP,ST (SIN TAPA),E",SD,663773,300.0,1.153846
139,286155,6030050069,"MAYO,CADA DIA,RVL,20,125 CC,L.G,SH,ST (SIN TAPA),E",SD,663773,714.0,2.625
140,286155,6030050072,"MAYO,CADA DIA,RVL,8,1000 CC,L.G,DP,CT,ESP,MERCADO ",SD,663773,20.0,0.185185
141,286155,6030040040,"MAYO,MAYOLIVA,L.G,12,250 CC,DP,ST (SIN TAPA),ESP,M",SD,663773,10.0,0.038462
142,286155,6030010007,"MAYO,NATURA,RVL 31%,L.G,12,250 CC,DP,ST (SIN TAPA)",SD,663775,380.0,1.461538
143,286155,6030010007,"MAYO,NATURA,RVL 31%,L.G,12,250 CC,DP,ST (SIN TAPA)",SD,663821,1820.0,7.0
144,286155,6030010019,"MAYO,NATURA,RVL 31%,L.G,12,500 CC,DP,CT,ESP,M.I./A",SD,663773,576.0,4.0
145,286155,6030010019,"MAYO,NATURA,RVL 31%,L.G,12,500 CC,DP,CT,ESP,M.I./A",SD,663775,18.0,0.125
146,286155,6030010129,"MAYO,NATURA,RVL 31%,L.G,192,8 CC,SH,ST (SIN TAPA),",SD,663725,29.0,0.076923
147,286155,6030010129,"MAYO,NATURA,RVL 31%,L.G,192,8 CC,SH,ST (SIN TAPA),",SD,663726,10.0,0.026525
148,286155,6030010170,"MAYO,NATURA,RVL 31%,L.G,20,125 CC,SH,ST (SIN TAPA)",SD,663775,544.0,2.0
149,286155,6030010170,"MAYO,NATURA,RVL 31%,L.G,20,125 CC,SH,ST (SIN TAPA)",SD,663821,2992.0,11.0
150,286155,6090020009,"MOSTAZA,ADEREZO NATURA,12,250 GR,DP,CT,ESP,M.I.   ",SD,663773,180.0,0.692308
151,286155,6090020009,"MOSTAZA,ADEREZO NATURA,12,250 GR,DP,CT,ESP,M.I.   ",SD,663775,10.0,0.038462
152,286155,6050100007,"SGOLF,NATURA L.G.,12,250 GR,DP,ST (SIN TAPA),ESP,M",SD,663170,10.0,0.038462
153,286155,6050100007,"SGOLF,NATURA L.G.,12,250 GR,DP,ST (SIN TAPA),ESP,M",SD,663773,60.0,0.230769
154,286155,6050100007,"SGOLF,NATURA L.G.,12,250 GR,DP,ST (SIN TAPA),ESP,M",SD,663775,10.0,0.038462
155,252542,6030050072,"MAYO,CADA DIA,RVL,8,1000 CC,L.G,DP,CT,ESP,MERCADO ",SD,663719,54.0,0.5
156,252542,6050100007,"SGOLF,NATURA L.G.,12,250 GR,DP,ST (SIN TAPA),ESP,M",SD,663719,20.0,0.076923
157,288883,6010010077,"AC,NATURA,GIR,15X900ML,C,ESP,M.I.                 ",SD,175845,216.0,3.0
158,288883,6040100001,"KET,NATURA,192,8 G,SH,ST,ESP,M.I.                 ",SD,663658,29.0,0.076923
159,288883,6040100003,"KET,NATURA,4,3000GR,SH,ST,ESP,M.I.                ",SD,663658,16.0,0.2
160,288883,6030050071,"MAYO,CADA DIA,RVL,12,500 CC,L.G,DP,CT,ESP,MERCADO ",SD,663245,16.0,0.111111
161,288883,6090020010,"MOSTAZA,ADEREZO NATURA,192,8 G,SH,ST,ESP,M.I.     ",SD,663246,28.0,0.074271
162,288883,6010550008,"RO.VEG.(AL),NATURA,GIR,12X120GRS,ESP,M.I.         ",SD,175845,64.0,0.285714
163,241192,6010010007,"AC,NATURA,GIR,12X1,5L,C,ESP,M.I./ARL              ",SD,175906,120.0,2.0
164,241192,6010010077,"AC,NATURA,GIR,15X900ML,C,ESP,M.I.                 ",SD,175906,216.0,3.0
165,334254,6010010077,"AC,NATURA,GIR,15X900ML,C,ESP,M.I.                 ",SD,175844,216.0,3.0
166,334254,6040100001,"KET,NATURA,192,8 G,SH,ST,ESP,M.I.                 ",SD,663657,29.0,0.076923
167,334254,6040100003,"KET,NATURA,4,3000GR,SH,ST,ESP,M.I.                ",SD,663657,16.0,0.2
168,334254,6030010208,"MAYO,NATURA,RVL 31%,L.G,4,2900 CC,SH,ST (SIN TAPA)",SD,663657,48.0,0.6
169,334254,6010550008,"RO.VEG.(AL),NATURA,GIR,12X120GRS,ESP,M.I.         ",SD,175844,96.0,0.428571
170,266980,6040100010,"KET,NATURA L.G.,12,250 GR,DP,CT (CON TAPA),ESP,MER",SD,663767,20.0,0.076923
171,266980,6040100010,"KET,NATURA L.G.,12,250 GR,DP,CT (CON TAPA),ESP,MER",SD,663768,10.0,0.038462
172,266980,6030050071,"MAYO,CADA DIA,RVL,12,500 CC,L.G,DP,CT,ESP,MERCADO ",SD,663766,10.0,0.069444
173,266980,6030050071,"MAYO,CADA DIA,RVL,12,500 CC,L.G,DP,CT,ESP,MERCADO ",SD,663767,10.0,0.069444
174,266980,6030050069,"MAYO,CADA DIA,RVL,20,125 CC,L.G,SH,ST (SIN TAPA),E",SD,663766,17.0,0.0625
175,266980,6030050072,"MAYO,CADA DIA,RVL,8,1000 CC,L.G,DP,CT,ESP,MERCADO ",SD,663766,2.0,0.018519
176,266980,6030010007,"MAYO,NATURA,RVL 31%,L.G,12,250 CC,DP,ST (SIN TAPA)",SD,663766,40.0,0.153846
177,266980,6030010007,"MAYO,NATURA,RVL 31%,L.G,12,250 CC,DP,ST (SIN TAPA)",SD,663768,40.0,0.153846
178,266980,6030010019,"MAYO,NATURA,RVL 31%,L.G,12,500 CC,DP,CT,ESP,M.I./A",SD,663766,72.0,0.5
179,266980,6030010019,"MAYO,NATURA,RVL 31%,L.G,12,500 CC,DP,CT,ESP,M.I./A",SD,663768,18.0,0.125
180,266980,6030010129,"MAYO,NATURA,RVL 31%,L.G,192,8 CC,SH,ST (SIN TAPA),",SD,663728,10.0,0.026525
181,266980,6030010170,"MAYO,NATURA,RVL 31%,L.G,20,125 CC,SH,ST (SIN TAPA)",SD,663766,272.0,1.0
182,266980,6030010170,"MAYO,NATURA,RVL 31%,L.G,20,125 CC,SH,ST (SIN TAPA)",SD,663767,34.0,0.125
183,266980,6030010170,"MAYO,NATURA,RVL 31%,L.G,20,125 CC,SH,ST (SIN TAPA)",SD,663768,68.0,0.25
184,266980,6030010208,"MAYO,NATURA,RVL 31%,L.G,4,2900 CC,SH,ST (SIN TAPA)",SD,663728,8.0,0.1
185,266980,6090020009,"MOSTAZA,ADEREZO NATURA,12,250 GR,DP,CT,ESP,M.I.   ",SD,663766,20.0,0.076923
186,266980,6090020009,"MOSTAZA,ADEREZO NATURA,12,250 GR,DP,CT,ESP,M.I.   ",SD,663767,10.0,0.038462
187,266980,6090020009,"MOSTAZA,ADEREZO NATURA,12,250 GR,DP,CT,ESP,M.I.   ",SD,663768,10.0,0.038462
188,266980,6050100007,"SGOLF,NATURA L.G.,12,250 GR,DP,ST (SIN TAPA),ESP,M",SD,663766,40.0,0.153846
189,266980,6050100007,"SGOLF,NATURA L.G.,12,250 GR,DP,ST (SIN TAPA),ESP,M",SD,663767,10.0,0.038462
190,266980,6050100007,"SGOLF,NATURA L.G.,12,250 GR,DP,ST (SIN TAPA),ESP,M",SD,663768,10.0,0.038462
191,242906,6010010077,"AC,NATURA,GIR,15X900ML,C,ESP,M.I.                 ",SD,175900,360.0,5.0
192,242906,6010010008,"AC,NATURA,GIR,6X3L,B,ESP,M.I./ARL                 ",SD,175900,150.0,3.0
193,242906,6010550008,"RO.VEG.(AL),NATURA,GIR,12X120GRS,ESP,M.I.         ",SD,175900,100.0,0.446429
194,319981,6030330002,"MAYO,CADA DIA,LIGHT,12,500 CC,DP,CT (CON TAPA),ESP",SD,663678,18.0,0.125
195,225596,6040100010,"KET,NATURA L.G.,12,250 GR,DP,CT (CON TAPA),ESP,MER",SD,662893,20.0,0.076923
196,225596,6040100010,"KET,NATURA L.G.,12,250 GR,DP,CT (CON TAPA),ESP,MER",SD,663441,20.0,0.076923
197,225596,6040100010,"KET,NATURA L.G.,12,250 GR,DP,CT (CON TAPA),ESP,MER",SD,663739,20.0,0.076923
198,242964,6040100010,"KET,NATURA L.G.,12,250 GR,DP,CT (CON TAPA),ESP,MER",SD,663740,20.0,0.076923
199,242964,6090020009,"MOSTAZA,ADEREZO NATURA,12,250 GR,DP,CT,ESP,M.I.   ",SD,663740,100.0,0.384615
200,242964,6010140007,"RO.VEG.(AL),MAZOLA CL.,MAIZ,12X120GRS,ESP,M.I.    ",SD,175889,5.0,0.022321
201,242964,6010140008,"RO.VEG.(AL),MAZOLA MANTECA,12X12X120GRS,ESP,M.I.  ",SD,175889,5.0,0.022321
202,242964,6010550008,"RO.VEG.(AL),NATURA,GIR,12X120GRS,ESP,M.I.         ",SD,175889,10.0,0.044643
203,330012,6010010007,"AC,NATURA,GIR,12X1,5L,C,ESP,M.I./ARL              ",SD,175904,120.0,2.0
204,330012,6010010077,"AC,NATURA,GIR,15X900ML,C,ESP,M.I.                 ",SD,175904,216.0,3.0
205,330012,6040100010,"KET,NATURA L.G.,12,250 GR,DP,CT (CON TAPA),ESP,MER",SD,663800,35.0,0.134615
206,330012,6030050069,"MAYO,CADA DIA,RVL,20,125 CC,L.G,SH,ST (SIN TAPA),E",SD,663800,34.0,0.125
207,330012,6030010007,"MAYO,NATURA,RVL 31%,L.G,12,250 CC,DP,ST (SIN TAPA)",SD,663800,840.0,3.230769
208,330012,6030010170,"MAYO,NATURA,RVL 31%,L.G,20,125 CC,SH,ST (SIN TAPA)",SD,663800,3196.0,11.75
209,330012,6090020009,"MOSTAZA,ADEREZO NATURA,12,250 GR,DP,CT,ESP,M.I.   ",SD,663800,24.0,0.092308
210,330921,6040100009,"KET,NATURA,12,500 G,DP,CT,ESP,M.I.                ",SD,663813,50.0,0.347222
211,330921,6030050070,"MAYO,CADA DIA,RVL,12,250 CC,L.G,DP,ST (SIN TAPA),E",SD,663813,250.0,0.961538
212,330921,6030040040,"MAYO,MAYOLIVA,L.G,12,250 CC,DP,ST (SIN TAPA),ESP,M",SD,663813,50.0,0.192308
213,330921,6030040007,"MAYO,MAYOLIVA,L.G,12,500 CC,DP,CT,ESP,M.I./ARL    ",SD,663813,25.0,0.173611
214,330921,6030010007,"MAYO,NATURA,RVL 31%,L.G,12,250 CC,DP,ST (SIN TAPA)",SD,663815,520.0,2.0
215,330921,6030010019,"MAYO,NATURA,RVL 31%,L.G,12,500 CC,DP,CT,ESP,M.I./A",SD,663813,432.0,3.0
216,330921,6030010026,"MAYO,NATURA,RVL 31%,L.G,8,1000 CC,DP,CT,ESP,M.I./A",SD,663813,324.0,3.0
217,330921,6050100007,"SGOLF,NATURA L.G.,12,250 GR,DP,ST (SIN TAPA),ESP,M",SD,663004,740.0,2.846154
218,330921,6050100007,"SGOLF,NATURA L.G.,12,250 GR,DP,ST (SIN TAPA),ESP,M",SD,663813,260.0,1.0
219,330918,6040100009,"KET,NATURA,12,500 G,DP,CT,ESP,M.I.                ",SD,663806,70.0,0.486111
220,330918,6030330001,"MAYO,CADA DIA,LIGHT,12,250 CC,DP,ST (SIN TAPA),ESP",SD,663806,25.0,0.096154
221,330918,6030050070,"MAYO,CADA DIA,RVL,12,250 CC,L.G,DP,ST (SIN TAPA),E",SD,663806,130.0,0.5
222,330918,6030040040,"MAYO,MAYOLIVA,L.G,12,250 CC,DP,ST (SIN TAPA),ESP,M",SD,663806,125.0,0.480769
223,330918,6030040007,"MAYO,MAYOLIVA,L.G,12,500 CC,DP,CT,ESP,M.I./ARL    ",SD,663806,72.0,0.5
224,330918,6030010007,"MAYO,NATURA,RVL 31%,L.G,12,250 CC,DP,ST (SIN TAPA)",SD,663806,700.0,2.692308
225,330918,6030010019,"MAYO,NATURA,RVL 31%,L.G,12,500 CC,DP,CT,ESP,M.I./A",SD,663806,360.0,2.5
226,330918,6030010026,"MAYO,NATURA,RVL 31%,L.G,8,1000 CC,DP,CT,ESP,M.I./A",SD,663806,432.0,4.0
227,330918,6090020009,"MOSTAZA,ADEREZO NATURA,12,250 GR,DP,CT,ESP,M.I.   ",SD,663806,65.0,0.25
228,330918,6090020011,"MOSTAZA,ADEREZO NATURA,12,500 G,DP,CT,ESP,M.I.    ",SD,663806,70.0,0.486111
229,330918,6050100007,"SGOLF,NATURA L.G.,12,250 GR,DP,ST (SIN TAPA),ESP,M",SD,663806,65.0,0.25
230,231959,6090020010,"MOSTAZA,ADEREZO NATURA,192,8 G,SH,ST,ESP,M.I.     ",SD,663758,30.0,0.079576
231,344134,6010900033,"AC,NATURA ANDINO,OLIVA VE,6X500ML,E,ESP,M.I.      ",SD,175896,30.0,0.162162
232,344134,6010010007,"AC,NATURA,GIR,12X1,5L,C,ESP,M.I./ARL              ",SD,175896,720.0,18.0
233,344134,6040100010,"KET,NATURA L.G.,12,250 GR,DP,CT (CON TAPA),ESP,MER",SD,663759,20.0,0.076923
234,344134,6030040040,"MAYO,MAYOLIVA,L.G,12,250 CC,DP,ST (SIN TAPA),ESP,M",SD,663759,20.0,0.076923
235,344134,6030010007,"MAYO,NATURA,RVL 31%,L.G,12,250 CC,DP,ST (SIN TAPA)",SD,663764,1040.0,4.0
236,344134,6030010019,"MAYO,NATURA,RVL 31%,L.G,12,500 CC,DP,CT,ESP,M.I./A",SD,663764,210.0,1.666667
237,344134,6030010026,"MAYO,NATURA,RVL 31%,L.G,8,1000 CC,DP,CT,ESP,M.I./A",SD,663764,216.0,2.0
238,344134,6090020009,"MOSTAZA,ADEREZO NATURA,12,250 GR,DP,CT,ESP,M.I.   ",SD,663764,100.0,0.384615
239,344134,6010550008,"RO.VEG.(AL),NATURA,GIR,12X120GRS,ESP,M.I.         ",SD,175896,16.0,0.083333
240,255871,6010010077,"AC,NATURA,GIR,15X900ML,C,ESP,M.I.                 ",SD,175891,144.0,2.0
241,255871,6010010008,"AC,NATURA,GIR,6X3L,B,ESP,M.I./ARL                 ",SD,175891,150.0,3.0
242,255871,6040100010,"KET,NATURA L.G.,12,250 GR,DP,CT (CON TAPA),ESP,MER",SD,663749,50.0,0.192308
243,255871,6030050071,"MAYO,CADA DIA,RVL,12,500 CC,L.G,DP,CT,ESP,MERCADO ",SD,663349,100.0,0.694444
244,255871,6030010007,"MAYO,NATURA,RVL 31%,L.G,12,250 CC,DP,ST (SIN TAPA)",SD,663749,100.0,0.384615
245,255871,6030010019,"MAYO,NATURA,RVL 31%,L.G,12,500 CC,DP,CT,ESP,M.I./A",SD,663749,50.0,0.347222
246,255871,6030010026,"MAYO,NATURA,RVL 31%,L.G,8,1000 CC,DP,CT,ESP,M.I./A",SD,663749,18.0,0.166667
247,319406,6010010007,"AC,NATURA,GIR,12X1,5L,C,ESP,M.I./ARL              ",SD,175798,240.0,4.0
248,304576,6010900033,"AC,NATURA ANDINO,OLIVA VE,6X500ML,E,ESP,M.I.      ",SD,175894,10.0,0.054054
249,304576,6010900037,"AC,NATURA FUERTE TRI,OLIVA VE,12X500ML,C,ESP,M.I. ",SD,175894,20.0,0.125
250,304576,6010900040,"AC,NATURA SUAVE BI,OLIVA VE,12X500ML,C,ESP,M.I.   ",SD,175894,20.0,0.125
251,304576,6010010008,"AC,NATURA,GIR,6X3L,B,ESP,M.I./ARL                 ",SD,175894,300.0,6.0
252,304576,6030010170,"MAYO,NATURA,RVL 31%,L.G,20,125 CC,SH,ST (SIN TAPA)",SD,663755,544.0,2.0
253,304576,6010140007,"RO.VEG.(AL),MAZOLA CL.,MAIZ,12X120GRS,ESP,M.I.    ",SD,175894,32.0,0.142857
254,304576,6010140008,"RO.VEG.(AL),MAZOLA MANTECA,12X12X120GRS,ESP,M.I.  ",SD,175894,32.0,0.142857
255,253425,6010010007,"AC,NATURA,GIR,12X1,5L,C,ESP,M.I./ARL              ",SD,175919,650.0,13.0
256,253425,6010010007,"AC,NATURA,GIR,12X1,5L,C,ESP,M.I./ARL              ",SD,175920,650.0,13.0
257,253425,6010010007,"AC,NATURA,GIR,12X1,5L,C,ESP,M.I./ARL              ",SD,175921,650.0,13.0
258,253425,6010010077,"AC,NATURA,GIR,15X900ML,C,ESP,M.I.                 ",SD,175919,780.0,13.0
259,253425,6010010077,"AC,NATURA,GIR,15X900ML,C,ESP,M.I.                 ",SD,175920,780.0,13.0
260,253425,6010010077,"AC,NATURA,GIR,15X900ML,C,ESP,M.I.                 ",SD,175921,780.0,13.0
261,253425,6040100010,"KET,NATURA L.G.,12,250 GR,DP,CT (CON TAPA),ESP,MER",SD,663819,780.0,3.0
262,253425,6040100010,"KET,NATURA L.G.,12,250 GR,DP,CT (CON TAPA),ESP,MER",SD,663820,780.0,3.0
263,253425,6030010007,"MAYO,NATURA,RVL 31%,L.G,12,250 CC,DP,ST (SIN TAPA)",SD,663819,1300.0,5.0
264,253425,6030010007,"MAYO,NATURA,RVL 31%,L.G,12,250 CC,DP,ST (SIN TAPA)",SD,663820,2340.0,9.0
265,253425,6030010019,"MAYO,NATURA,RVL 31%,L.G,12,500 CC,DP,CT,ESP,M.I./A",SD,663819,2160.0,15.0
266,253425,6030010019,"MAYO,NATURA,RVL 31%,L.G,12,500 CC,DP,CT,ESP,M.I./A",SD,663820,1728.0,12.0
267,253425,6090020009,"MOSTAZA,ADEREZO NATURA,12,250 GR,DP,CT,ESP,M.I.   ",SD,663819,780.0,3.0
268,253425,6090020009,"MOSTAZA,ADEREZO NATURA,12,250 GR,DP,CT,ESP,M.I.   ",SD,663820,520.0,2.0
269,245262,6040100010,"KET,NATURA L.G.,12,250 GR,DP,CT (CON TAPA),ESP,MER",SD,663567,780.0,3.0
270,245262,6030010007,"MAYO,NATURA,RVL 31%,L.G,12,250 CC,DP,ST (SIN TAPA)",SD,663567,2080.0,8.0
271,245262,6030010019,"MAYO,NATURA,RVL 31%,L.G,12,500 CC,DP,CT,ESP,M.I./A",SD,663567,1584.0,11.0
272,245262,6090020009,"MOSTAZA,ADEREZO NATURA,12,250 GR,DP,CT,ESP,M.I.   ",SD,663567,1040.0,4.0
273,301161,6011270001,"AC,COPISI,GIR/OLIVA,12X500ML,B,ESP,M.I./ARL       ",SD,175883,50.0,0.347222
274,301161,6011270002,"AC,COPISI,GIR/OLIVA,12X900ML,B,ESP,M.I./ARL       ",SD,175927,50.0,0.47619
275,301161,6010900040,"AC,NATURA SUAVE BI,OLIVA VE,12X500ML,C,ESP,M.I.   ",SD,175882,420.0,2.625
276,301161,6011570002,"AC,NATURA,GIR/OLIVA,12X1,5L,C,ESP,M.I.            ",SD,175883,22.0,0.366667
277,301161,6011570005,"AC,NATURA,GIR/OLIVA,12X500ML,C,ESP,M.I.           ",SD,175883,50.0,0.3125
278,301161,6040100010,"KET,NATURA L.G.,12,250 GR,DP,CT (CON TAPA),ESP,MER",SD,663705,1820.0,7.0
279,301161,6040100001,"KET,NATURA,192,8 G,SH,ST,ESP,M.I.                 ",SD,663705,100.0,0.265252
280,301161,6030010208,"MAYO,NATURA,RVL 31%,L.G,4,2900 CC,SH,ST (SIN TAPA)",SD,663706,324.0,4.05
281,301161,6010140008,"RO.VEG.(AL),MAZOLA MANTECA,12X12X120GRS,ESP,M.I.  ",SD,175867,300.0,1.339286
282,301161,6010550008,"RO.VEG.(AL),NATURA,GIR,12X120GRS,ESP,M.I.         ",SD,175867,473.0,2.111607
283,251874,6010010007,"AC,NATURA,GIR,12X1,5L,C,ESP,M.I./ARL              ",SD,175768,600.0,10.0
284,251874,6010010077,"AC,NATURA,GIR,15X900ML,C,ESP,M.I.                 ",SD,175768,720.0,10.0
285,242389,6010900033,"AC,NATURA ANDINO,OLIVA VE,6X500ML,E,ESP,M.I.      ",SD,175815,37.0,0.2
286,242389,6010900037,"AC,NATURA FUERTE TRI,OLIVA VE,12X500ML,C,ESP,M.I. ",SD,175815,20.0,0.125
287,242389,6010900040,"AC,NATURA SUAVE BI,OLIVA VE,12X500ML,C,ESP,M.I.   ",SD,175815,20.0,0.125
288,242389,6010010008,"AC,NATURA,GIR,6X3L,B,ESP,M.I./ARL                 ",SD,175815,600.0,12.0
289,242389,6030050074,"MAYO,CADA DIA,LINEA DEL CHEF,4,2900 CC,SH,ST (SIN ",SD,663727,80.0,1.0
290,242389,6011640001,"RO.VEG.(AL),NATURA,OLIVA,12X120GRS,ESP,M.I.       ",SD,175815,32.0,0.142857
291,311778,6030050074,"MAYO,CADA DIA,LINEA DEL CHEF,4,2900 CC,SH,ST (SIN ",SD,662400,16.0,0.2
292,311778,6050100001,"SGOLF,NATURA,192,8 CC,SH,ST,ESP,M.I.              ",SD,662400,1.0,0.002653
293,237748,6030050071,"MAYO,CADA DIA,RVL,12,500 CC,L.G,DP,CT,ESP,MERCADO ",SD,663480,720.0,5.0
294,232173,6010900033,"AC,NATURA ANDINO,OLIVA VE,6X500ML,E,ESP,M.I.      ",SD,175918,46.0,0.248649
295,232173,6010900037,"AC,NATURA FUERTE TRI,OLIVA VE,12X500ML,C,ESP,M.I. ",SD,175918,1.0,0.00625
296,232173,6011570002,"AC,NATURA,GIR/OLIVA,12X1,5L,C,ESP,M.I.            ",SD,175917,10.0,0.166667
297,232173,6011570001,"AC,NATURA,GIR/OLIVA,15X900ML,C,ESP,M.I.           ",SD,175916,16.0,0.222222
298,325039,6030050070,"MAYO,CADA DIA,RVL,12,250 CC,L.G,DP,ST (SIN TAPA),E",SD,663503,180.0,0.692308
299,274918,6010010007,"AC,NATURA,GIR,12X1,5L,C,ESP,M.I./ARL              ",SD,175851,30.0,0.5
300,273955,6010010007,"AC,NATURA,GIR,12X1,5L,C,ESP,M.I./ARL              ",SD,175767,180.0,3.0
301,273955,6010010077,"AC,NATURA,GIR,15X900ML,C,ESP,M.I.                 ",SD,175767,336.0,4.666667
302,313119,6010010112,"AC,NATURA,GIR,4X5L,C,ESP,M.I./ARL                 ",SD,175848,60.0,1.0
303,313119,6030010208,"MAYO,NATURA,RVL 31%,L.G,4,2900 CC,SH,ST (SIN TAPA)",SD,663664,368.0,4.6
304,202821,6010010007,"AC,NATURA,GIR,12X1,5L,C,ESP,M.I./ARL              ",SD,175903,40.0,0.666667
305,202821,6010010077,"AC,NATURA,GIR,15X900ML,C,ESP,M.I.                 ",SD,175903,36.0,0.5
306,202821,6010010008,"AC,NATURA,GIR,6X3L,B,ESP,M.I./ARL                 ",SD,175903,20.0,0.4
307,202821,6040100010,"KET,NATURA L.G.,12,250 GR,DP,CT (CON TAPA),ESP,MER",SD,663796,20.0,0.076923
308,202821,6030010007,"MAYO,NATURA,RVL 31%,L.G,12,250 CC,DP,ST (SIN TAPA)",SD,663796,80.0,0.307692
309,202821,6030010170,"MAYO,NATURA,RVL 31%,L.G,20,125 CC,SH,ST (SIN TAPA)",SD,663796,34.0,0.125
310,202821,6010140007,"RO.VEG.(AL),MAZOLA CL.,MAIZ,12X120GRS,ESP,M.I.    ",SD,175903,5.0,0.022321
311,202821,6010140008,"RO.VEG.(AL),MAZOLA MANTECA,12X12X120GRS,ESP,M.I.  ",SD,175903,5.0,0.022321
312,202821,6010550008,"RO.VEG.(AL),NATURA,GIR,12X120GRS,ESP,M.I.         ",SD,175903,10.0,0.044643
313,242156,6040100010,"KET,NATURA L.G.,12,250 GR,DP,CT (CON TAPA),ESP,MER",SD,663769,80.0,0.307692
314,242156,6030330001,"MAYO,CADA DIA,LIGHT,12,250 CC,DP,ST (SIN TAPA),ESP",SD,663769,30.0,0.115385
315,242156,6030330002,"MAYO,CADA DIA,LIGHT,12,500 CC,DP,CT (CON TAPA),ESP",SD,663253,30.0,0.208333
316,242156,6030330002,"MAYO,CADA DIA,LIGHT,12,500 CC,DP,CT (CON TAPA),ESP",SD,663769,20.0,0.138889
317,242156,6030050070,"MAYO,CADA DIA,RVL,12,250 CC,L.G,DP,ST (SIN TAPA),E",SD,663769,1000.0,3.846154
318,242156,6030050071,"MAYO,CADA DIA,RVL,12,500 CC,L.G,DP,CT,ESP,MERCADO ",SD,663412,24.0,0.166667
319,242156,6030050071,"MAYO,CADA DIA,RVL,12,500 CC,L.G,DP,CT,ESP,MERCADO ",SD,663769,600.0,4.166667
320,242156,6030050069,"MAYO,CADA DIA,RVL,20,125 CC,L.G,SH,ST (SIN TAPA),E",SD,663769,200.0,0.735294
321,242156,6030050072,"MAYO,CADA DIA,RVL,8,1000 CC,L.G,DP,CT,ESP,MERCADO ",SD,663769,360.0,3.333333
322,242156,6030040040,"MAYO,MAYOLIVA,L.G,12,250 CC,DP,ST (SIN TAPA),ESP,M",SD,663769,200.0,0.769231
323,242156,6030010007,"MAYO,NATURA,RVL 31%,L.G,12,250 CC,DP,ST (SIN TAPA)",SD,663769,300.0,1.153846
324,242156,6030010208,"MAYO,NATURA,RVL 31%,L.G,4,2900 CC,SH,ST (SIN TAPA)",SD,663769,60.0,0.75
325,242156,6030010026,"MAYO,NATURA,RVL 31%,L.G,8,1000 CC,DP,CT,ESP,M.I./A",SD,663769,91.0,0.842593
326,242156,6090020009,"MOSTAZA,ADEREZO NATURA,12,250 GR,DP,CT,ESP,M.I.   ",SD,663769,480.0,1.846154
327,242156,6090020012,"MOSTAZA,ADEREZO NATURA,4,3000GR,SH,ST,ESP,M.I.    ",SD,663769,67.0,0.8375
328,242156,6050100007,"SGOLF,NATURA L.G.,12,250 GR,DP,ST (SIN TAPA),ESP,M",SD,663253,40.0,0.153846
329,330853,6040100001,"KET,NATURA,192,8 G,SH,ST,ESP,M.I.                 ",SD,663722,377.0,1.0
330,330853,6040100003,"KET,NATURA,4,3000GR,SH,ST,ESP,M.I.                ",SD,663722,160.0,2.0
331,330853,6030010129,"MAYO,NATURA,RVL 31%,L.G,192,8 CC,SH,ST (SIN TAPA),",SD,663722,377.0,1.0
332,330853,6030010208,"MAYO,NATURA,RVL 31%,L.G,4,2900 CC,SH,ST (SIN TAPA)",SD,663722,160.0,2.0
333,330853,6050100001,"SGOLF,NATURA,192,8 CC,SH,ST,ESP,M.I.              ",SD,663722,261.0,0.692308
334,330853,6050100004,"SGOLF,NATURA,4,2900 CC,SH,ST,ESP,M.I.             ",SD,663722,80.0,1.0
335,232571,6011640001,"RO.VEG.(AL),NATURA,OLIVA,12X120GRS,ESP,M.I.       ",SD,175697,32.0,0.142857
336,361408,6010010077,"AC,NATURA,GIR,15X900ML,C,ESP,M.I.                 ",SD,175863,72.0,1.0
337,361408,6010010008,"AC,NATURA,GIR,6X3L,B,ESP,M.I./ARL                 ",SD,175863,60.0,1.2
338,260883,6010900037,"AC,NATURA FUERTE TRI,OLIVA VE,12X500ML,C,ESP,M.I. ",SD,175615,30.0,0.1875
339,260883,6010010007,"AC,NATURA,GIR,12X1,5L,C,ESP,M.I./ARL              ",SD,175911,1560.0,26.0
340,260883,6030010170,"MAYO,NATURA,RVL 31%,L.G,20,125 CC,SH,ST (SIN TAPA)",SD,663810,816.0,3.0
341,260883,6030010208,"MAYO,NATURA,RVL 31%,L.G,4,2900 CC,SH,ST (SIN TAPA)",SD,663809,80.0,1.0
342,260883,6030010208,"MAYO,NATURA,RVL 31%,L.G,4,2900 CC,SH,ST (SIN TAPA)",SD,663810,400.0,5.0
343,226806,6010010007,"AC,NATURA,GIR,12X1,5L,C,ESP,M.I./ARL              ",SD,175902,1560.0,26.0
344,366063,6010900033,"AC,NATURA ANDINO,OLIVA VE,6X500ML,E,ESP,M.I.      ",SD,175753,5.0,0.027027
345,366063,6010900037,"AC,NATURA FUERTE TRI,OLIVA VE,12X500ML,C,ESP,M.I. ",SD,175753,5.0,0.03125
346,366063,6010900040,"AC,NATURA SUAVE BI,OLIVA VE,12X500ML,C,ESP,M.I.   ",SD,175753,5.0,0.03125
347,282507,6010900037,"AC,NATURA FUERTE TRI,OLIVA VE,12X500ML,C,ESP,M.I. ",SD,175759,5.0,0.03125
348,282507,6010900040,"AC,NATURA SUAVE BI,OLIVA VE,12X500ML,C,ESP,M.I.   ",SD,175759,5.0,0.03125
349,282507,6030050070,"MAYO,CADA DIA,RVL,12,250 CC,L.G,DP,ST (SIN TAPA),E",SD,663555,40.0,0.153846
350,280831,6010900037,"AC,NATURA FUERTE TRI,OLIVA VE,12X500ML,C,ESP,M.I. ",SD,175915,10.0,0.0625
351,280831,6010900040,"AC,NATURA SUAVE BI,OLIVA VE,12X500ML,C,ESP,M.I.   ",SD,175915,10.0,0.0625
352,280831,6010010007,"AC,NATURA,GIR,12X1,5L,C,ESP,M.I./ARL              ",SD,175915,1260.0,21.0
353,280831,6011640001,"RO.VEG.(AL),NATURA,OLIVA,12X120GRS,ESP,M.I.       ",SD,175915,8.0,0.035714
354,241222,6010900037,"AC,NATURA FUERTE TRI,OLIVA VE,12X500ML,C,ESP,M.I. ",SD,175781,5.0,0.03125
355,241222,6010900040,"AC,NATURA SUAVE BI,OLIVA VE,12X500ML,C,ESP,M.I.   ",SD,175781,5.0,0.03125
356,241222,6011640001,"RO.VEG.(AL),NATURA,OLIVA,12X120GRS,ESP,M.I.       ",SD,175781,16.0,0.071429
357,363993,6010900033,"AC,NATURA ANDINO,OLIVA VE,6X500ML,E,ESP,M.I.      ",SD,175771,5.0,0.027027
358,363993,6010900037,"AC,NATURA FUERTE TRI,OLIVA VE,12X500ML,C,ESP,M.I. ",SD,175771,5.0,0.03125
359,363993,6010900040,"AC,NATURA SUAVE BI,OLIVA VE,12X500ML,C,ESP,M.I.   ",SD,175771,5.0,0.03125
360,363993,6040100010,"KET,NATURA L.G.,12,250 GR,DP,CT (CON TAPA),ESP,MER",SD,662182,60.0,0.230769
361,363993,6040100010,"KET,NATURA L.G.,12,250 GR,DP,CT (CON TAPA),ESP,MER",SD,662759,60.0,0.230769
362,363993,6040100009,"KET,NATURA,12,500 G,DP,CT,ESP,M.I.                ",SD,663517,36.0,0.25
363,363993,6040100001,"KET,NATURA,192,8 G,SH,ST,ESP,M.I.                 ",SD,663517,5.0,0.013263
364,363993,6040100003,"KET,NATURA,4,3000GR,SH,ST,ESP,M.I.                ",SD,663517,5.0,0.0625
365,363993,6030050070,"MAYO,CADA DIA,RVL,12,250 CC,L.G,DP,ST (SIN TAPA),E",SD,661181,20.0,0.076923
366,363993,6030050070,"MAYO,CADA DIA,RVL,12,250 CC,L.G,DP,ST (SIN TAPA),E",SD,661182,20.0,0.076923
367,363993,6030050071,"MAYO,CADA DIA,RVL,12,500 CC,L.G,DP,CT,ESP,MERCADO ",SD,662182,54.0,0.375
368,363993,6030050069,"MAYO,CADA DIA,RVL,20,125 CC,L.G,SH,ST (SIN TAPA),E",SD,663519,136.0,0.5
369,363993,6030050072,"MAYO,CADA DIA,RVL,8,1000 CC,L.G,DP,CT,ESP,MERCADO ",SD,662183,18.0,0.166667
370,363993,6030040007,"MAYO,MAYOLIVA,L.G,12,500 CC,DP,CT,ESP,M.I./ARL    ",SD,662183,18.0,0.125
371,363993,6030040073,"MAYO,MAYOLIVA,L.G,20,125 CC,SH,ST (SIN TAPA),ESP,M",SD,662759,34.0,0.125
372,363993,6030010007,"MAYO,NATURA,RVL 31%,L.G,12,250 CC,DP,ST (SIN TAPA)",SD,662183,520.0,2.0
373,363993,6030010019,"MAYO,NATURA,RVL 31%,L.G,12,500 CC,DP,CT,ESP,M.I./A",SD,662183,288.0,2.0
374,363993,6030010129,"MAYO,NATURA,RVL 31%,L.G,192,8 CC,SH,ST (SIN TAPA),",SD,662759,29.0,0.076923
375,363993,6030010170,"MAYO,NATURA,RVL 31%,L.G,20,125 CC,SH,ST (SIN TAPA)",SD,662759,1360.0,5.0
376,363993,6030010208,"MAYO,NATURA,RVL 31%,L.G,4,2900 CC,SH,ST (SIN TAPA)",SD,662759,80.0,1.0
377,363993,6030010026,"MAYO,NATURA,RVL 31%,L.G,8,1000 CC,DP,CT,ESP,M.I./A",SD,662183,108.0,1.0
378,363993,6030010026,"MAYO,NATURA,RVL 31%,L.G,8,1000 CC,DP,CT,ESP,M.I./A",SD,662947,216.0,2.0
379,363993,6090020009,"MOSTAZA,ADEREZO NATURA,12,250 GR,DP,CT,ESP,M.I.   ",SD,662182,40.0,0.153846
380,363993,6090020009,"MOSTAZA,ADEREZO NATURA,12,250 GR,DP,CT,ESP,M.I.   ",SD,662759,20.0,0.076923
381,363993,6090020010,"MOSTAZA,ADEREZO NATURA,192,8 G,SH,ST,ESP,M.I.     ",SD,663517,5.0,0.013263
382,363993,6090020012,"MOSTAZA,ADEREZO NATURA,4,3000GR,SH,ST,ESP,M.I.    ",SD,663519,5.0,0.0625
383,363993,6010140007,"RO.VEG.(AL),MAZOLA CL.,MAIZ,12X120GRS,ESP,M.I.    ",SD,175330,8.0,0.035714
384,363993,6010140007,"RO.VEG.(AL),MAZOLA CL.,MAIZ,12X120GRS,ESP,M.I.    ",SD,175771,8.0,0.035714
385,363993,6010140008,"RO.VEG.(AL),MAZOLA MANTECA,12X12X120GRS,ESP,M.I.  ",SD,175330,8.0,0.035714
386,363993,6010140008,"RO.VEG.(AL),MAZOLA MANTECA,12X12X120GRS,ESP,M.I.  ",SD,175771,8.0,0.035714
387,363993,6010550008,"RO.VEG.(AL),NATURA,GIR,12X120GRS,ESP,M.I.         ",SD,175330,64.0,0.285714
388,363993,6011640001,"RO.VEG.(AL),NATURA,OLIVA,12X120GRS,ESP,M.I.       ",SD,175330,8.0,0.035714
389,363993,6011640001,"RO.VEG.(AL),NATURA,OLIVA,12X120GRS,ESP,M.I.       ",SD,175771,8.0,0.035714
390,363993,6050100001,"SGOLF,NATURA,192,8 CC,SH,ST,ESP,M.I.              ",SD,663519,5.0,0.013263
391,363993,6050100002,"SGOLF,NATURA,20,125 CC,SH,ST,ESP,M.I.             ",SD,661181,68.0,0.25
392,363993,6050100002,"SGOLF,NATURA,20,125 CC,SH,ST,ESP,M.I.             ",SD,662182,34.0,0.125
393,363993,6050100004,"SGOLF,NATURA,4,2900 CC,SH,ST,ESP,M.I.             ",SD,663519,5.0,0.0625
394,248095,6010900037,"AC,NATURA FUERTE TRI,OLIVA VE,12X500ML,C,ESP,M.I. ",SD,175782,5.0,0.03125
395,248095,6010900040,"AC,NATURA SUAVE BI,OLIVA VE,12X500ML,C,ESP,M.I.   ",SD,175782,5.0,0.03125
396,248095,6030050071,"MAYO,CADA DIA,RVL,12,500 CC,L.G,DP,CT,ESP,MERCADO ",SD,663553,72.0,0.5
397,248095,6011640001,"RO.VEG.(AL),NATURA,OLIVA,12X120GRS,ESP,M.I.       ",SD,175782,16.0,0.071429
398,241227,6010900037,"AC,NATURA FUERTE TRI,OLIVA VE,12X500ML,C,ESP,M.I. ",SD,175833,5.0,0.03125
399,241227,6010900040,"AC,NATURA SUAVE BI,OLIVA VE,12X500ML,C,ESP,M.I.   ",SD,175833,5.0,0.03125
400,241229,6010900037,"AC,NATURA FUERTE TRI,OLIVA VE,12X500ML,C,ESP,M.I. ",SD,175880,5.0,0.03125
401,241229,6010900040,"AC,NATURA SUAVE BI,OLIVA VE,12X500ML,C,ESP,M.I.   ",SD,175880,5.0,0.03125
402,338810,6050100002,"SGOLF,NATURA,20,125 CC,SH,ST,ESP,M.I.             ",SD,663289,34.0,0.125
403,225661,6040100010,"KET,NATURA L.G.,12,250 GR,DP,CT (CON TAPA),ESP,MER",SD,663631,20.0,0.076923
404,225661,6040100009,"KET,NATURA,12,500 G,DP,CT,ESP,M.I.                ",SD,663631,144.0,1.0
405,225661,6030040040,"MAYO,MAYOLIVA,L.G,12,250 CC,DP,ST (SIN TAPA),ESP,M",SD,663631,48.0,0.184615
406,225661,6030010007,"MAYO,NATURA,RVL 31%,L.G,12,250 CC,DP,ST (SIN TAPA)",SD,663631,780.0,3.0
407,225661,6030010019,"MAYO,NATURA,RVL 31%,L.G,12,500 CC,DP,CT,ESP,M.I./A",SD,663631,576.0,4.0
408,225661,6030010208,"MAYO,NATURA,RVL 31%,L.G,4,2900 CC,SH,ST (SIN TAPA)",SD,663632,240.0,3.0
409,225661,6030010026,"MAYO,NATURA,RVL 31%,L.G,8,1000 CC,DP,CT,ESP,M.I./A",SD,663631,216.0,2.0
410,225661,6090020009,"MOSTAZA,ADEREZO NATURA,12,250 GR,DP,CT,ESP,M.I.   ",SD,663631,100.0,0.384615
411,225661,6090020011,"MOSTAZA,ADEREZO NATURA,12,500 G,DP,CT,ESP,M.I.    ",SD,663631,36.0,0.25
412,225661,6050100007,"SGOLF,NATURA L.G.,12,250 GR,DP,ST (SIN TAPA),ESP,M",SD,663288,150.0,0.576923
413,225661,6050100007,"SGOLF,NATURA L.G.,12,250 GR,DP,ST (SIN TAPA),ESP,M",SD,663631,160.0,0.615385
414,215258,6030330001,"MAYO,CADA DIA,LIGHT,12,250 CC,DP,ST (SIN TAPA),ESP",SD,663491,200.0,0.769231
415,215258,6030330002,"MAYO,CADA DIA,LIGHT,12,500 CC,DP,CT (CON TAPA),ESP",SD,663491,100.0,0.694444
416,307041,6030010007,"MAYO,NATURA,RVL 31%,L.G,12,250 CC,DP,ST (SIN TAPA)",SD,663824,520.0,2.0
417,307041,6030010170,"MAYO,NATURA,RVL 31%,L.G,20,125 CC,SH,ST (SIN TAPA)",SD,663824,544.0,2.0
418,257797,6030050070,"MAYO,CADA DIA,RVL,12,250 CC,L.G,DP,ST (SIN TAPA),E",SD,663777,520.0,2.0
419,257797,6030050071,"MAYO,CADA DIA,RVL,12,500 CC,L.G,DP,CT,ESP,MERCADO ",SD,663777,288.0,2.0
420,257797,6030010007,"MAYO,NATURA,RVL 31%,L.G,12,250 CC,DP,ST (SIN TAPA)",SD,663777,2600.0,10.0
421,257797,6030010019,"MAYO,NATURA,RVL 31%,L.G,12,500 CC,DP,CT,ESP,M.I./A",SD,663777,288.0,2.0
422,257797,6030010170,"MAYO,NATURA,RVL 31%,L.G,20,125 CC,SH,ST (SIN TAPA)",SD,663777,272.0,1.0
423,225675,6010010007,"AC,NATURA,GIR,12X1,5L,C,ESP,M.I./ARL              ",SD,175825,60.0,1.0
424,228809,6010010007,"AC,NATURA,GIR,12X1,5L,C,ESP,M.I./ARL              ",SD,175849,180.0,3.0
425,228809,6010010077,"AC,NATURA,GIR,15X900ML,C,ESP,M.I.                 ",SD,175849,288.0,4.0
426,228809,6040100010,"KET,NATURA L.G.,12,250 GR,DP,CT (CON TAPA),ESP,MER",SD,663665,44.0,0.169231
427,228809,6040100009,"KET,NATURA,12,500 G,DP,CT,ESP,M.I.                ",SD,663665,130.0,0.902778
428,228809,6030010007,"MAYO,NATURA,RVL 31%,L.G,12,250 CC,DP,ST (SIN TAPA)",SD,663665,360.0,1.384615
429,228809,6030010019,"MAYO,NATURA,RVL 31%,L.G,12,500 CC,DP,CT,ESP,M.I./A",SD,663665,18.0,0.125
430,228809,6030010170,"MAYO,NATURA,RVL 31%,L.G,20,125 CC,SH,ST (SIN TAPA)",SD,663665,680.0,2.5
431,228809,6030010026,"MAYO,NATURA,RVL 31%,L.G,8,1000 CC,DP,CT,ESP,M.I./A",SD,663665,36.0,0.333333
432,228809,6090020009,"MOSTAZA,ADEREZO NATURA,12,250 GR,DP,CT,ESP,M.I.   ",SD,663665,100.0,0.384615
433,228809,6090020011,"MOSTAZA,ADEREZO NATURA,12,500 G,DP,CT,ESP,M.I.    ",SD,663665,10.0,0.069444
434,228809,6050100002,"SGOLF,NATURA,20,125 CC,SH,ST,ESP,M.I.             ",SD,663665,39.0,0.143382
435,258384,6011270001,"AC,COPISI,GIR/OLIVA,12X500ML,B,ESP,M.I./ARL       ",SD,175841,7.0,0.048611
436,258384,6011270002,"AC,COPISI,GIR/OLIVA,12X900ML,B,ESP,M.I./ARL       ",SD,175841,6.0,0.057143
437,258384,6010010007,"AC,NATURA,GIR,12X1,5L,C,ESP,M.I./ARL              ",SD,175841,300.0,5.0
438,258384,6010010077,"AC,NATURA,GIR,15X900ML,C,ESP,M.I.                 ",SD,175841,792.0,11.0
439,258384,6010010112,"AC,NATURA,GIR,4X5L,C,ESP,M.I./ARL                 ",SD,175841,60.0,1.0
440,258384,6010010008,"AC,NATURA,GIR,6X3L,B,ESP,M.I./ARL                 ",SD,175841,150.0,3.0
441,258384,6011570002,"AC,NATURA,GIR/OLIVA,12X1,5L,C,ESP,M.I.            ",SD,175841,6.0,0.1
442,258384,6011570005,"AC,NATURA,GIR/OLIVA,12X500ML,C,ESP,M.I.           ",SD,175841,32.0,0.2
443,258384,6011570001,"AC,NATURA,GIR/OLIVA,15X900ML,C,ESP,M.I.           ",SD,175841,13.0,0.180556
444,258384,6040100010,"KET,NATURA L.G.,12,250 GR,DP,CT (CON TAPA),ESP,MER",SD,663651,152.0,0.584615
445,258384,6030330001,"MAYO,CADA DIA,LIGHT,12,250 CC,DP,ST (SIN TAPA),ESP",SD,663651,4.0,0.015385
446,258384,6030330002,"MAYO,CADA DIA,LIGHT,12,500 CC,DP,CT (CON TAPA),ESP",SD,663651,6.0,0.041667
447,258384,6030050070,"MAYO,CADA DIA,RVL,12,250 CC,L.G,DP,ST (SIN TAPA),E",SD,663651,420.0,1.615385
448,258384,6030050071,"MAYO,CADA DIA,RVL,12,500 CC,L.G,DP,CT,ESP,MERCADO ",SD,663651,234.0,1.625
449,258384,6030050069,"MAYO,CADA DIA,RVL,20,125 CC,L.G,SH,ST (SIN TAPA),E",SD,663651,34.0,0.125
450,258384,6030050072,"MAYO,CADA DIA,RVL,8,1000 CC,L.G,DP,CT,ESP,MERCADO ",SD,663651,18.0,0.166667
451,258384,6030040040,"MAYO,MAYOLIVA,L.G,12,250 CC,DP,ST (SIN TAPA),ESP,M",SD,663651,126.0,0.484615
452,258384,6030040007,"MAYO,MAYOLIVA,L.G,12,500 CC,DP,CT,ESP,M.I./ARL    ",SD,663651,101.0,0.701389
453,258384,6030040073,"MAYO,MAYOLIVA,L.G,20,125 CC,SH,ST (SIN TAPA),ESP,M",SD,663651,143.0,0.525735
454,258384,6030010007,"MAYO,NATURA,RVL 31%,L.G,12,250 CC,DP,ST (SIN TAPA)",SD,663651,2400.0,9.230769
455,258384,6030010019,"MAYO,NATURA,RVL 31%,L.G,12,500 CC,DP,CT,ESP,M.I./A",SD,663651,198.0,1.375
456,258384,6030010129,"MAYO,NATURA,RVL 31%,L.G,192,8 CC,SH,ST (SIN TAPA),",SD,663651,29.0,0.076923
457,258384,6030010170,"MAYO,NATURA,RVL 31%,L.G,20,125 CC,SH,ST (SIN TAPA)",SD,663651,5032.0,18.5
458,258384,6030010026,"MAYO,NATURA,RVL 31%,L.G,8,1000 CC,DP,CT,ESP,M.I./A",SD,663651,144.0,1.333333
459,258384,6090020009,"MOSTAZA,ADEREZO NATURA,12,250 GR,DP,CT,ESP,M.I.   ",SD,663651,156.0,0.6
460,258384,6090020011,"MOSTAZA,ADEREZO NATURA,12,500 G,DP,CT,ESP,M.I.    ",SD,663651,91.0,0.631944
461,258384,6010140007,"RO.VEG.(AL),MAZOLA CL.,MAIZ,12X120GRS,ESP,M.I.    ",SD,175841,20.0,0.089286
462,258384,6010140008,"RO.VEG.(AL),MAZOLA MANTECA,12X12X120GRS,ESP,M.I.  ",SD,175841,18.0,0.080357
463,258384,6010550008,"RO.VEG.(AL),NATURA,GIR,12X120GRS,ESP,M.I.         ",SD,175841,140.0,0.625
464,258384,6050100007,"SGOLF,NATURA L.G.,12,250 GR,DP,ST (SIN TAPA),ESP,M",SD,663651,96.0,0.369231
465,258384,6050100002,"SGOLF,NATURA,20,125 CC,SH,ST,ESP,M.I.             ",SD,663651,9.0,0.033088
466,278927,6010010008,"AC,NATURA,GIR,6X3L,B,ESP,M.I./ARL                 ",SD,175901,600.0,12.0
467,278927,6030050074,"MAYO,CADA DIA,LINEA DEL CHEF,4,2900 CC,SH,ST (SIN ",SD,663781,160.0,2.0
468,278927,6030050070,"MAYO,CADA DIA,RVL,12,250 CC,L.G,DP,ST (SIN TAPA),E",SD,663781,520.0,2.0
469,278927,6030050069,"MAYO,CADA DIA,RVL,20,125 CC,L.G,SH,ST (SIN TAPA),E",SD,663781,544.0,2.0
470,361409,6030330002,"MAYO,CADA DIA,LIGHT,12,500 CC,DP,CT (CON TAPA),ESP",SD,663376,5.0,0.034722
471,361409,6030050070,"MAYO,CADA DIA,RVL,12,250 CC,L.G,DP,ST (SIN TAPA),E",SD,663702,300.0,1.153846
472,361409,6030050069,"MAYO,CADA DIA,RVL,20,125 CC,L.G,SH,ST (SIN TAPA),E",SD,663614,150.0,0.551471
473,361409,6030010007,"MAYO,NATURA,RVL 31%,L.G,12,250 CC,DP,ST (SIN TAPA)",SD,663614,342.0,1.315385
474,361409,6030010019,"MAYO,NATURA,RVL 31%,L.G,12,500 CC,DP,CT,ESP,M.I./A",SD,663702,60.0,0.416667
475,361409,6030010170,"MAYO,NATURA,RVL 31%,L.G,20,125 CC,SH,ST (SIN TAPA)",SD,663614,600.0,2.205882
476,361409,6030010026,"MAYO,NATURA,RVL 31%,L.G,8,1000 CC,DP,CT,ESP,M.I./A",SD,663702,27.0,0.25
477,361409,6050100007,"SGOLF,NATURA L.G.,12,250 GR,DP,ST (SIN TAPA),ESP,M",SD,663506,12.0,0.046154
478,361409,6050100007,"SGOLF,NATURA L.G.,12,250 GR,DP,ST (SIN TAPA),ESP,M",SD,663614,40.0,0.153846
479,327955,6030010170,"MAYO,NATURA,RVL 31%,L.G,20,125 CC,SH,ST (SIN TAPA)",SD,663627,50.0,0.183824
480,239672,6030050070,"MAYO,CADA DIA,RVL,12,250 CC,L.G,DP,ST (SIN TAPA),E",SD,663779,1086.0,4.176923
481,257447,6030050070,"MAYO,CADA DIA,RVL,12,250 CC,L.G,DP,ST (SIN TAPA),E",SD,663736,1267.0,4.873077
482,257447,6030040073,"MAYO,MAYOLIVA,L.G,20,125 CC,SH,ST (SIN TAPA),ESP,M",SD,663737,2.0,0.007353
483,257447,6030010007,"MAYO,NATURA,RVL 31%,L.G,12,250 CC,DP,ST (SIN TAPA)",SD,663737,275.0,1.057692
484,257447,6030010019,"MAYO,NATURA,RVL 31%,L.G,12,500 CC,DP,CT,ESP,M.I./A",SD,663737,1019.0,7.076389
485,257447,6030010170,"MAYO,NATURA,RVL 31%,L.G,20,125 CC,SH,ST (SIN TAPA)",SD,663737,3199.0,11.761029
486,257447,6030010026,"MAYO,NATURA,RVL 31%,L.G,8,1000 CC,DP,CT,ESP,M.I./A",SD,663737,81.0,0.75
487,257447,6090020009,"MOSTAZA,ADEREZO NATURA,12,250 GR,DP,CT,ESP,M.I.   ",SD,663736,182.0,0.7
488,257447,6050100007,"SGOLF,NATURA L.G.,12,250 GR,DP,ST (SIN TAPA),ESP,M",SD,663736,22.0,0.084615
489,257447,6050100002,"SGOLF,NATURA,20,125 CC,SH,ST,ESP,M.I.             ",SD,663736,117.0,0.430147
490,277711,6010010007,"AC,NATURA,GIR,12X1,5L,C,ESP,M.I./ARL              ",SD,175895,360.0,7.2
491,277711,6040100010,"KET,NATURA L.G.,12,250 GR,DP,CT (CON TAPA),ESP,MER",SD,663756,89.0,0.342308
492,277711,6030050070,"MAYO,CADA DIA,RVL,12,250 CC,L.G,DP,ST (SIN TAPA),E",SD,663756,92.0,0.353846
493,277711,6030040073,"MAYO,MAYOLIVA,L.G,20,125 CC,SH,ST (SIN TAPA),ESP,M",SD,663757,33.0,0.121324
494,277711,6030010007,"MAYO,NATURA,RVL 31%,L.G,12,250 CC,DP,ST (SIN TAPA)",SD,663757,44.0,0.169231
495,277711,6030010026,"MAYO,NATURA,RVL 31%,L.G,8,1000 CC,DP,CT,ESP,M.I./A",SD,663757,12.0,0.111111
496,277711,6010550008,"RO.VEG.(AL),NATURA,GIR,12X120GRS,ESP,M.I.         ",SD,175895,32.0,0.142857
497,277711,6050100002,"SGOLF,NATURA,20,125 CC,SH,ST,ESP,M.I.             ",SD,663756,16.0,0.058824
498,306443,6030050070,"MAYO,CADA DIA,RVL,12,250 CC,L.G,DP,ST (SIN TAPA),E",SD,663765,193.0,0.742308
499,306443,6030010129,"MAYO,NATURA,RVL 31%,L.G,192,8 CC,SH,ST (SIN TAPA),",SD,663765,43.0,0.114058
500,247583,6010010077,"AC,NATURA,GIR,15X900ML,C,ESP,M.I.                 ",SD,175887,1440.0,20.0
501,247583,6030050070,"MAYO,CADA DIA,RVL,12,250 CC,L.G,DP,ST (SIN TAPA),E",SD,663735,1804.0,6.938462
502,247583,6090020009,"MOSTAZA,ADEREZO NATURA,12,250 GR,DP,CT,ESP,M.I.   ",SD,663735,108.0,0.415385
503,247583,6050100007,"SGOLF,NATURA L.G.,12,250 GR,DP,ST (SIN TAPA),ESP,M",SD,663735,286.0,1.1
504,294667,6040100010,"KET,NATURA L.G.,12,250 GR,DP,CT (CON TAPA),ESP,MER",SD,663689,265.0,1.019231
505,232180,6030050070,"MAYO,CADA DIA,RVL,12,250 CC,L.G,DP,ST (SIN TAPA),E",SD,663761,294.0,1.130769
506,280862,6010010007,"AC,NATURA,GIR,12X1,5L,C,ESP,M.I./ARL              ",SD,175864,360.0,7.2
507,280862,6040100010,"KET,NATURA L.G.,12,250 GR,DP,CT (CON TAPA),ESP,MER",SD,663704,113.0,0.434615
508,280862,6030010007,"MAYO,NATURA,RVL 31%,L.G,12,250 CC,DP,ST (SIN TAPA)",SD,663703,4059.0,15.611538
509,280862,6030010170,"MAYO,NATURA,RVL 31%,L.G,20,125 CC,SH,ST (SIN TAPA)",SD,663703,725.0,2.665441
510,280862,6030010026,"MAYO,NATURA,RVL 31%,L.G,8,1000 CC,DP,CT,ESP,M.I./A",SD,663803,706.0,6.537037
511,261777,6010010007,"AC,NATURA,GIR,12X1,5L,C,ESP,M.I./ARL              ",SD,175888,160.0,3.2
512,232182,6030050071,"MAYO,CADA DIA,RVL,12,500 CC,L.G,DP,CT,ESP,MERCADO ",SD,663700,443.0,3.076389
513,232182,6030050072,"MAYO,CADA DIA,RVL,8,1000 CC,L.G,DP,CT,ESP,MERCADO ",SD,663700,562.0,5.203704
514,232182,6030040007,"MAYO,MAYOLIVA,L.G,12,500 CC,DP,CT,ESP,M.I./ARL    ",SD,663701,22.0,0.152778
515,232182,6030040073,"MAYO,MAYOLIVA,L.G,20,125 CC,SH,ST (SIN TAPA),ESP,M",SD,663701,5.0,0.018382
516,232182,6030010007,"MAYO,NATURA,RVL 31%,L.G,12,250 CC,DP,ST (SIN TAPA)",SD,663701,4192.0,16.123077
517,232182,6030010019,"MAYO,NATURA,RVL 31%,L.G,12,500 CC,DP,CT,ESP,M.I./A",SD,663701,244.0,1.694444
518,232182,6030010129,"MAYO,NATURA,RVL 31%,L.G,192,8 CC,SH,ST (SIN TAPA),",SD,663701,24.0,0.06366
519,232182,6030010208,"MAYO,NATURA,RVL 31%,L.G,4,2900 CC,SH,ST (SIN TAPA)",SD,663701,86.0,1.075
520,326701,6010010007,"AC,NATURA,GIR,12X1,5L,C,ESP,M.I./ARL              ",SD,175886,326.0,5.433333
521,326701,6010010077,"AC,NATURA,GIR,15X900ML,C,ESP,M.I.                 ",SD,175886,216.0,3.0
522,326701,6040100010,"KET,NATURA L.G.,12,250 GR,DP,CT (CON TAPA),ESP,MER",SD,663734,153.0,0.588462
523,326701,6030040040,"MAYO,MAYOLIVA,L.G,12,250 CC,DP,ST (SIN TAPA),ESP,M",SD,663734,13.0,0.05
524,326701,6030040007,"MAYO,MAYOLIVA,L.G,12,500 CC,DP,CT,ESP,M.I./ARL    ",SD,663734,18.0,0.125
525,326701,6030040073,"MAYO,MAYOLIVA,L.G,20,125 CC,SH,ST (SIN TAPA),ESP,M",SD,663734,12.0,0.044118
526,326701,6030010007,"MAYO,NATURA,RVL 31%,L.G,12,250 CC,DP,ST (SIN TAPA)",SD,663734,1184.0,4.553846
527,326701,6030010170,"MAYO,NATURA,RVL 31%,L.G,20,125 CC,SH,ST (SIN TAPA)",SD,663734,741.0,2.724265
528,326701,6090020009,"MOSTAZA,ADEREZO NATURA,12,250 GR,DP,CT,ESP,M.I.   ",SD,663734,242.0,0.930769
529,326701,6050100007,"SGOLF,NATURA L.G.,12,250 GR,DP,ST (SIN TAPA),ESP,M",SD,663734,69.0,0.265385
530,241153,6040100010,"KET,NATURA L.G.,12,250 GR,DP,CT (CON TAPA),ESP,MER",SD,663298,144.0,0.553846
531,241153,6030040040,"MAYO,MAYOLIVA,L.G,12,250 CC,DP,ST (SIN TAPA),ESP,M",SD,663298,80.0,0.307692
532,241153,6090020009,"MOSTAZA,ADEREZO NATURA,12,250 GR,DP,CT,ESP,M.I.   ",SD,663298,117.0,0.45
533,286954,6030330001,"MAYO,CADA DIA,LIGHT,12,250 CC,DP,ST (SIN TAPA),ESP",SD,663731,50.0,0.192308
534,286954,6030330001,"MAYO,CADA DIA,LIGHT,12,250 CC,DP,ST (SIN TAPA),ESP",SD,663732,35.0,0.134615
535,286954,6030330001,"MAYO,CADA DIA,LIGHT,12,250 CC,DP,ST (SIN TAPA),ESP",SD,663733,25.0,0.096154
536,286954,6030050070,"MAYO,CADA DIA,RVL,12,250 CC,L.G,DP,ST (SIN TAPA),E",SD,663731,761.0,2.926923
537,286954,6030050069,"MAYO,CADA DIA,RVL,20,125 CC,L.G,SH,ST (SIN TAPA),E",SD,663731,272.0,1.0
538,286954,6030040040,"MAYO,MAYOLIVA,L.G,12,250 CC,DP,ST (SIN TAPA),ESP,M",SD,663731,60.0,0.230769
539,286954,6030040007,"MAYO,MAYOLIVA,L.G,12,500 CC,DP,CT,ESP,M.I./ARL    ",SD,663731,144.0,1.0
540,286954,6030010019,"MAYO,NATURA,RVL 31%,L.G,12,500 CC,DP,CT,ESP,M.I./A",SD,663731,144.0,1.0
541,286954,6030010026,"MAYO,NATURA,RVL 31%,L.G,8,1000 CC,DP,CT,ESP,M.I./A",SD,663731,216.0,2.0
542,286954,6090020009,"MOSTAZA,ADEREZO NATURA,12,250 GR,DP,CT,ESP,M.I.   ",SD,663731,100.0,0.384615
543,286954,6090020011,"MOSTAZA,ADEREZO NATURA,12,500 G,DP,CT,ESP,M.I.    ",SD,663731,36.0,0.25
544,286954,6050100007,"SGOLF,NATURA L.G.,12,250 GR,DP,ST (SIN TAPA),ESP,M",SD,663731,160.0,0.615385
545,286954,6050100002,"SGOLF,NATURA,20,125 CC,SH,ST,ESP,M.I.             ",SD,663731,88.0,0.323529
546,240058,6040100010,"KET,NATURA L.G.,12,250 GR,DP,CT (CON TAPA),ESP,MER",SD,663666,2.0,0.007692
547,240058,6040100001,"KET,NATURA,192,8 G,SH,ST,ESP,M.I.                 ",SD,663666,906.0,2.403183
548,240058,6040100003,"KET,NATURA,4,3000GR,SH,ST,ESP,M.I.                ",SD,663666,60.0,0.75
549,240058,6030010170,"MAYO,NATURA,RVL 31%,L.G,20,125 CC,SH,ST (SIN TAPA)",SD,663666,34.0,0.125
550,240058,6090020012,"MOSTAZA,ADEREZO NATURA,4,3000GR,SH,ST,ESP,M.I.    ",SD,663666,120.0,1.5
551,240058,6050100004,"SGOLF,NATURA,4,2900 CC,SH,ST,ESP,M.I.             ",SD,663666,29.0,0.3625
